省份,城市,城市url,新房url,二手房url
直辖市,北京,http://bj.fang.com/,https://newhouse.fang.com/house/s,https://esf.fang.com/
直辖市,上海,http://sh.fang.com/,http://sh.newhouse.fang.com//house/s,http://sh.esf.fang.com/
直辖市,天津,http://tj.fang.com/,http://tj.newhouse.fang.com//house/s,http://tj.esf.fang.com/
直辖市,重庆,http://cq.fang.com/,http://cq.newhouse.fang.com//house/s,http://cq.esf.fang.com/
安徽,合肥,http://hf.fang.com/,http://hf.newhouse.fang.com//house/s,http://hf.esf.fang.com/
安徽,芜湖,http://wuhu.fang.com/,http://wuhu.newhouse.fang.com//house/s,http://wuhu.esf.fang.com/
安徽,淮南,http://huainan.fang.com/,http://huainan.newhouse.fang.com//house/s,http://huainan.esf.fang.com/
安徽,蚌埠,http://bengbu.fang.com/,http://bengbu.newhouse.fang.com//house/s,http://bengbu.esf.fang.com/
安徽,阜阳,http://fuyang.fang.com/,http://fuyang.newhouse.fang.com//house/s,http://fuyang.esf.fang.com/
安徽,安庆,http://anqing.fang.com/,http://anqing.newhouse.fang.com//house/s,http://anqing.esf.fang.com/
安徽,巢湖,http://chaohu.fang.com/,http://chaohu.newhouse.fang.com//house/s,http://chaohu.esf.fang.com/
安徽,滁州,http://chuzhou.fang.com/,http://chuzhou.newhouse.fang.com//house/s,http://chuzhou.esf.fang.com/
安徽,六安,http://luan.fang.com/,http://luan.newhouse.fang.com//house/s,http://luan.esf.fang.com/
安徽,铜陵,http://tongling.fang.com/,http://tongling.newhouse.fang.com//house/s,http://tongling.esf.fang.com/
安徽,淮北,http://huaibei.fang.com/,http://huaibei.newhouse.fang.com//house/s,http://huaibei.esf.fang.com/
安徽,宣城,http://xuancheng.fang.com/,http://xuancheng.newhouse.fang.com//house/s,http://xuancheng.esf.fang.com/
安徽,黄山,http://huangshan.fang.com/,http://huangshan.newhouse.fang.com//house/s,http://huangshan.esf.fang.com/
安徽,宿州,http://ahsuzhou.fang.com/,http://ahsuzhou.newhouse.fang.com//house/s,http://ahsuzhou.esf.fang.com/
安徽,亳州,http://bozhou.fang.com/,http://bozhou.newhouse.fang.com//house/s,http://bozhou.esf.fang.com/
安徽,马鞍山,http://mas.fang.com/,http://mas.newhouse.fang.com//house/s,http://mas.esf.fang.com/
安徽,池州,http://chizhou.fang.com/,http://chizhou.newhouse.fang.com//house/s,http://chizhou.esf.fang.com/
安徽,广德,https://guangde.fang.com/,https://guangde.newhouse.fang.com//house/s,https://guangde.esf.fang.com/
安徽,桐城,http://tongcheng.fang.com/,http://tongcheng.newhouse.fang.com//house/s,http://tongcheng.esf.fang.com/
安徽,霍邱,http://huoqiu.fang.com/,http://huoqiu.newhouse.fang.com//house/s,http://huoqiu.esf.fang.com/
安徽,当涂,http://dangtu.fang.com/,http://dangtu.newhouse.fang.com//house/s,http://dangtu.esf.fang.com/
安徽,长丰,http://ahcf.fang.com/,http://ahcf.newhouse.fang.com//house/s,http://ahcf.esf.fang.com/
安徽,怀远,http://huaiyuan.fang.com/,http://huaiyuan.newhouse.fang.com//house/s,http://huaiyuan.esf.fang.com/
安徽,五河,http://wuhe.fang.com/,http://wuhe.newhouse.fang.com//house/s,http://wuhe.esf.fang.com/
安徽,固镇,http://guzhen.fang.com/,http://guzhen.newhouse.fang.com//house/s,http://guzhen.esf.fang.com/
安徽,繁昌,http://fanchang.fang.com/,http://fanchang.newhouse.fang.com//house/s,http://fanchang.esf.fang.com/
安徽,全椒,http://quanjiao.fang.com/,http://quanjiao.newhouse.fang.com//house/s,http://quanjiao.esf.fang.com/
安徽,蒙城,http://mengcheng.fang.com/,http://mengcheng.newhouse.fang.com//house/s,http://mengcheng.esf.fang.com/
澳门,澳门,http://macau.fang.com/,http://macau.newhouse.fang.com//house/s,http://macau.esf.fang.com/
重庆,重庆,http://cq.fang.com/,http://cq.newhouse.fang.com//house/s,http://cq.esf.fang.com/
重庆,万州, http://wanzhou.fang.com, http://wanzhou.newhouse.fang.com/house/s, http://wanzhou.esf.fang.com
重庆,涪陵,http://fuling.fang.com/,http://fuling.newhouse.fang.com//house/s,http://fuling.esf.fang.com/
重庆,綦江, http://qijiang.fang.com, http://qijiang.newhouse.fang.com/house/s, http://qijiang.esf.fang.com
重庆,黔江, http://qianjiang.fang.com, http://qianjiang.newhouse.fang.com/house/s, http://qianjiang.esf.fang.com
重庆,合川,http://hechuan.fang.com,http://hechuan.newhouse.fang.com/house/s,http://hechuan.esf.fang.com
重庆,丰都,http://fengdu.fang.com/,http://fengdu.newhouse.fang.com//house/s,http://fengdu.esf.fang.com/
重庆,江津,http://cqjiangjin.fang.com/,http://cqjiangjin.newhouse.fang.com//house/s,http://cqjiangjin.esf.fang.com/
重庆,铜梁,http://cqtongliang.fang.com/,http://cqtongliang.newhouse.fang.com//house/s,http://cqtongliang.esf.fang.com/
重庆,长寿,http://cqchangshou.fang.com/,http://cqchangshou.newhouse.fang.com//house/s,http://cqchangshou.esf.fang.com/
重庆,南川,http://cqnanchuan.fang.com/,http://cqnanchuan.newhouse.fang.com//house/s,http://cqnanchuan.esf.fang.com/
重庆,永川,http://yongchuan.fang.com,http://yongchuan.newhouse.fang.com/house/s,http://yongchuan.esf.fang.com
重庆,大足,http://cqdazu.fang.com,http://cqdazu.newhouse.fang.com/house/s,http://cqdazu.esf.fang.com
重庆,璧山,http://cqbishan.fang.com,http://cqbishan.newhouse.fang.com/house/s,http://cqbishan.esf.fang.com
重庆,潼南,http://cqtongnan.fang.com,http://cqtongnan.newhouse.fang.com/house/s,http://cqtongnan.esf.fang.com
福建,福州,http://fz.fang.com/,http://fz.newhouse.fang.com//house/s,http://fz.esf.fang.com/
福建,厦门,http://xm.fang.com/,http://xm.newhouse.fang.com//house/s,http://xm.esf.fang.com/
福建,泉州,http://qz.fang.com/,http://qz.newhouse.fang.com//house/s,http://qz.esf.fang.com/
福建,莆田,http://putian.fang.com/,http://putian.newhouse.fang.com//house/s,http://putian.esf.fang.com/
福建,漳州,http://zhangzhou.fang.com/,http://zhangzhou.newhouse.fang.com//house/s,http://zhangzhou.esf.fang.com/
福建,龙岩,http://longyan.fang.com/,http://longyan.newhouse.fang.com//house/s,http://longyan.esf.fang.com/
福建,三明,http://sanming.fang.com/,http://sanming.newhouse.fang.com//house/s,http://sanming.esf.fang.com/
福建,南平,http://nanping.fang.com/,http://nanping.newhouse.fang.com//house/s,http://nanping.esf.fang.com/
福建,宁德,http://ningde.fang.com/,http://ningde.newhouse.fang.com//house/s,http://ningde.esf.fang.com/
福建,平潭,http://pingtan.fang.com/,http://pingtan.newhouse.fang.com//house/s,http://pingtan.esf.fang.com/
福建,福清,http://fq.fang.com/,http://fq.newhouse.fang.com//house/s,http://fq.esf.fang.com/
福建,南安,http://nanan.fang.com/,http://nanan.newhouse.fang.com//house/s,http://nanan.esf.fang.com/
福建,龙海,http://longhai.fang.com/,http://longhai.newhouse.fang.com//house/s,http://longhai.esf.fang.com/
福建,惠安,http://huian.fang.com/,http://huian.newhouse.fang.com//house/s,http://huian.esf.fang.com/
福建,长乐,http://changle.fang.com/,http://changle.newhouse.fang.com//house/s,http://changle.esf.fang.com/
福建,石狮,http://shishi.fang.com/,http://shishi.newhouse.fang.com//house/s,http://shishi.esf.fang.com/
福建,安溪,http://fjax.fang.com/,http://fjax.newhouse.fang.com//house/s,http://fjax.esf.fang.com/
福建,连江,http://lianjiang.fang.com/,http://lianjiang.newhouse.fang.com//house/s,http://lianjiang.esf.fang.com/
福建,永春,http://yongchun.fang.com/,http://yongchun.newhouse.fang.com//house/s,http://yongchun.esf.fang.com/
福建,罗源,http://luoyuan.fang.com/,http://luoyuan.newhouse.fang.com//house/s,http://luoyuan.esf.fang.com/
福建,闽清,http://minqing.fang.com/,http://minqing.newhouse.fang.com//house/s,http://minqing.esf.fang.com/
福建,永泰,http://yongtai.fang.com/,http://yongtai.newhouse.fang.com//house/s,http://yongtai.esf.fang.com/
福建,泉港,http://quangang.fang.com/,http://quangang.newhouse.fang.com//house/s,http://quangang.esf.fang.com/
福建,福安,http://fuan.fang.com/,http://fuan.newhouse.fang.com//house/s,http://fuan.esf.fang.com/
福建,永安,http://ya.fang.com/,http://ya.newhouse.fang.com//house/s,http://ya.esf.fang.com/
福建,德化,http://dh.fang.com/,http://dh.newhouse.fang.com//house/s,http://dh.esf.fang.com/
福建,晋江,http://jinjiang.fang.com/,http://jinjiang.newhouse.fang.com//house/s,http://jinjiang.esf.fang.com/
广东,广州,http://gz.fang.com/,http://gz.newhouse.fang.com//house/s,http://gz.esf.fang.com/
广东,深圳,http://sz.fang.com/,http://sz.newhouse.fang.com//house/s,http://sz.esf.fang.com/
广东,东莞,http://dg.fang.com/,http://dg.newhouse.fang.com//house/s,http://dg.esf.fang.com/
广东,珠海,http://zh.fang.com/,http://zh.newhouse.fang.com//house/s,http://zh.esf.fang.com/
广东,中山,http://zs.fang.com/,http://zs.newhouse.fang.com//house/s,http://zs.esf.fang.com/
广东,佛山,http://fs.fang.com/,http://fs.newhouse.fang.com//house/s,http://fs.esf.fang.com/
广东,惠州,http://huizhou.fang.com/,http://huizhou.newhouse.fang.com//house/s,http://huizhou.esf.fang.com/
广东,江门,http://jm.fang.com/,http://jm.newhouse.fang.com//house/s,http://jm.esf.fang.com/
广东,汕头,http://st.fang.com/,http://st.newhouse.fang.com//house/s,http://st.esf.fang.com/
广东,清远,http://qingyuan.fang.com/,http://qingyuan.newhouse.fang.com//house/s,http://qingyuan.esf.fang.com/
广东,肇庆,http://zhaoqing.fang.com/,http://zhaoqing.newhouse.fang.com//house/s,http://zhaoqing.esf.fang.com/
广东,阳江,http://yangjiang.fang.com/,http://yangjiang.newhouse.fang.com//house/s,http://yangjiang.esf.fang.com/
广东,茂名,http://maoming.fang.com/,http://maoming.newhouse.fang.com//house/s,http://maoming.esf.fang.com/
广东,湛江,http://zj.fang.com/,http://zj.newhouse.fang.com//house/s,http://zj.esf.fang.com/
广东,梅州,http://meizhou.fang.com/,http://meizhou.newhouse.fang.com//house/s,http://meizhou.esf.fang.com/
广东,揭阳,http://jieyang.fang.com/,http://jieyang.newhouse.fang.com//house/s,http://jieyang.esf.fang.com/
广东,河源,http://heyuan.fang.com/,http://heyuan.newhouse.fang.com//house/s,http://heyuan.esf.fang.com/
广东,汕尾,http://shanwei.fang.com/,http://shanwei.newhouse.fang.com//house/s,http://shanwei.esf.fang.com/
广东,阳春,http://yangchun.fang.com/,http://yangchun.newhouse.fang.com//house/s,http://yangchun.esf.fang.com/
广东,开平,http://kaiping.fang.com/,http://kaiping.newhouse.fang.com//house/s,http://kaiping.esf.fang.com/
广东,云浮,http://yunfu.fang.com/,http://yunfu.newhouse.fang.com//house/s,http://yunfu.esf.fang.com/
广东,潮州,http://chaozhou.fang.com/,http://chaozhou.newhouse.fang.com//house/s,http://chaozhou.esf.fang.com/
广东,韶关,http://shaoguan.fang.com/,http://shaoguan.newhouse.fang.com//house/s,http://shaoguan.esf.fang.com/
广东,顺德,http://shunde.fang.com/,http://shunde.newhouse.fang.com//house/s,http://shunde.esf.fang.com/
广东,台山,http://taishan.fang.com/,http://taishan.newhouse.fang.com//house/s,http://taishan.esf.fang.com/
广东,恩平,http://enping.fang.com/,http://enping.newhouse.fang.com//house/s,http://enping.esf.fang.com/
广东,惠东,http://huidong.fang.com/,http://huidong.newhouse.fang.com//house/s,http://huidong.esf.fang.com/
广东,龙门,http://gdlm.fang.com/,http://gdlm.newhouse.fang.com//house/s,http://gdlm.esf.fang.com/
广东,博罗,http://boluo.fang.com/,http://boluo.newhouse.fang.com//house/s,http://boluo.esf.fang.com/
广东,鹤山,http://heshan.fang.com/,http://heshan.newhouse.fang.com//house/s,http://heshan.esf.fang.com/
广东,普宁,http://puning.fang.com/,http://puning.newhouse.fang.com//house/s,http://puning.esf.fang.com/
广东,新丰,http://xf.fang.com/,http://xf.newhouse.fang.com//house/s,http://xf.esf.fang.com/
广东,雷州,http://leizhou.fang.com/,http://leizhou.newhouse.fang.com//house/s,http://leizhou.esf.fang.com/
广西,南宁,http://nn.fang.com/,http://nn.newhouse.fang.com//house/s,http://nn.esf.fang.com/
广西,柳州,http://liuzhou.fang.com/,http://liuzhou.newhouse.fang.com//house/s,http://liuzhou.esf.fang.com/
广西,桂林,http://guilin.fang.com/,http://guilin.newhouse.fang.com//house/s,http://guilin.esf.fang.com/
广西,玉林,http://yl.fang.com/,http://yl.newhouse.fang.com//house/s,http://yl.esf.fang.com/
广西,贵港,http://guigang.fang.com/,http://guigang.newhouse.fang.com//house/s,http://guigang.esf.fang.com/
广西,北海,http://bh.fang.com/,http://bh.newhouse.fang.com//house/s,http://bh.esf.fang.com/
广西,河池,http://hechi.fang.com/,http://hechi.newhouse.fang.com//house/s,http://hechi.esf.fang.com/
广西,百色,http://baise.fang.com/,http://baise.newhouse.fang.com//house/s,http://baise.esf.fang.com/
广西,梧州,http://wuzhou.fang.com/,http://wuzhou.newhouse.fang.com//house/s,http://wuzhou.esf.fang.com/
广西,贺州,http://hezhou.fang.com/,http://hezhou.newhouse.fang.com//house/s,http://hezhou.esf.fang.com/
广西,钦州,http://qinzhou.fang.com/,http://qinzhou.newhouse.fang.com//house/s,http://qinzhou.esf.fang.com/
广西,防城港,http://fangchenggang.fang.com/,http://fangchenggang.newhouse.fang.com//house/s,http://fangchenggang.esf.fang.com/
广西,来宾,http://laibin.fang.com/,http://laibin.newhouse.fang.com//house/s,http://laibin.esf.fang.com/
广西,崇左,http://chongzuo.fang.com/,http://chongzuo.newhouse.fang.com//house/s,http://chongzuo.esf.fang.com/
广西,横县,http://hengxian.fang.com/,http://hengxian.newhouse.fang.com//house/s,http://hengxian.esf.fang.com/
广西,宾阳,http://gxby.fang.com/,http://gxby.newhouse.fang.com//house/s,http://gxby.esf.fang.com/
广西,邕宁,http://yongning.fang.com/,http://yongning.newhouse.fang.com//house/s,http://yongning.esf.fang.com/
广西,东兴,http://dongxing.fang.com/,http://dongxing.newhouse.fang.com//house/s,http://dongxing.esf.fang.com/
广西,钟山,http://zhongshan.fang.com/,http://zhongshan.newhouse.fang.com//house/s,http://zhongshan.esf.fang.com/
贵州,贵阳,http://gy.fang.com/,http://gy.newhouse.fang.com//house/s,http://gy.esf.fang.com/
贵州,遵义,http://zunyi.fang.com/,http://zunyi.newhouse.fang.com//house/s,http://zunyi.esf.fang.com/
贵州,黔东南,http://qiandongnan.fang.com/,http://qiandongnan.newhouse.fang.com//house/s,http://qiandongnan.esf.fang.com/
贵州,安顺,http://anshun.fang.com/,http://anshun.newhouse.fang.com//house/s,http://anshun.esf.fang.com/
贵州,黔南,http://qiannan.fang.com/,http://qiannan.newhouse.fang.com//house/s,http://qiannan.esf.fang.com/
贵州,毕节,http://bijie.fang.com/,http://bijie.newhouse.fang.com//house/s,http://bijie.esf.fang.com/
贵州,铜仁,http://tongren.fang.com/,http://tongren.newhouse.fang.com//house/s,http://tongren.esf.fang.com/
贵州,六盘水,http://liupanshui.fang.com/,http://liupanshui.newhouse.fang.com//house/s,http://liupanshui.esf.fang.com/
贵州,黔西南,http://qianxinan.fang.com/,http://qianxinan.newhouse.fang.com//house/s,http://qianxinan.esf.fang.com/
贵州,开阳,http://kaiyang.fang.com/,http://kaiyang.newhouse.fang.com//house/s,http://kaiyang.esf.fang.com/
贵州,修文,http://xiuwen.fang.com/,http://xiuwen.newhouse.fang.com//house/s,http://xiuwen.esf.fang.com/
贵州,清镇,http://qingzhen.fang.com/,http://qingzhen.newhouse.fang.com//house/s,http://qingzhen.esf.fang.com/
甘肃,兰州,http://lz.fang.com/,http://lz.newhouse.fang.com//house/s,http://lz.esf.fang.com/
甘肃,张掖,http://zhangye.fang.com/,http://zhangye.newhouse.fang.com//house/s,http://zhangye.esf.fang.com/
甘肃,天水,http://tianshui.fang.com/,http://tianshui.newhouse.fang.com//house/s,http://tianshui.esf.fang.com/
甘肃,庆阳,http://qingyang.fang.com/,http://qingyang.newhouse.fang.com//house/s,http://qingyang.esf.fang.com/
甘肃,平凉,http://pingliang.fang.com/,http://pingliang.newhouse.fang.com//house/s,http://pingliang.esf.fang.com/
甘肃,酒泉,http://jiuquan.fang.com/,http://jiuquan.newhouse.fang.com//house/s,http://jiuquan.esf.fang.com/
甘肃,白银,http://baiyin.fang.com/,http://baiyin.newhouse.fang.com//house/s,http://baiyin.esf.fang.com/
甘肃,武威,http://wuwei.fang.com/,http://wuwei.newhouse.fang.com//house/s,http://wuwei.esf.fang.com/
甘肃,金昌,http://jinchang.fang.com/,http://jinchang.newhouse.fang.com//house/s,http://jinchang.esf.fang.com/
甘肃,陇南,http://longnan.fang.com/,http://longnan.newhouse.fang.com//house/s,http://longnan.esf.fang.com/
甘肃,嘉峪关,http://jiayuguan.fang.com/,http://jiayuguan.newhouse.fang.com//house/s,http://jiayuguan.esf.fang.com/
甘肃,定西,http://dingxi.fang.com/,http://dingxi.newhouse.fang.com//house/s,http://dingxi.esf.fang.com/
甘肃,甘南,http://gannan.fang.com/,http://gannan.newhouse.fang.com//house/s,http://gannan.esf.fang.com/
甘肃,临夏,http://linxia.fang.com/,http://linxia.newhouse.fang.com//house/s,http://linxia.esf.fang.com/
甘肃,永登,http://yongdeng.fang.com/,http://yongdeng.newhouse.fang.com//house/s,http://yongdeng.esf.fang.com/
甘肃,榆中,http://yuzhong.fang.com/,http://yuzhong.newhouse.fang.com//house/s,http://yuzhong.esf.fang.com/
海南,海南,http://hn.fang.com/,http://hn.newhouse.fang.com//house/s,http://hn.esf.fang.com/
海南,三亚,http://sanya.fang.com/,http://sanya.newhouse.fang.com//house/s,http://sanya.esf.fang.com/
海南,东方,http://dongfang.fang.com/,http://dongfang.newhouse.fang.com//house/s,http://dongfang.esf.fang.com/
海南,儋州,http://danzhou.fang.com/,http://danzhou.newhouse.fang.com//house/s,http://danzhou.esf.fang.com/
海南,万宁,http://wanning.fang.com/,http://wanning.newhouse.fang.com//house/s,http://wanning.esf.fang.com/
海南,文昌,http://wenchang.fang.com/,http://wenchang.newhouse.fang.com//house/s,http://wenchang.esf.fang.com/
海南,琼海,http://qionghai.fang.com/,http://qionghai.newhouse.fang.com//house/s,http://qionghai.esf.fang.com/
河南,郑州,http://zz.fang.com/,http://zz.newhouse.fang.com//house/s,http://zz.esf.fang.com/
河南,洛阳,http://ly.fang.com/,http://ly.newhouse.fang.com//house/s,http://ly.esf.fang.com/
河南,焦作,http://jiaozuo.fang.com/,http://jiaozuo.newhouse.fang.com//house/s,http://jiaozuo.esf.fang.com/
河南,平顶山,http://pingdingshan.fang.com/,http://pingdingshan.newhouse.fang.com//house/s,http://pingdingshan.esf.fang.com/
河南,驻马店,http://zhumadian.fang.com/,http://zhumadian.newhouse.fang.com//house/s,http://zhumadian.esf.fang.com/
河南,新乡,http://xx.fang.com/,http://xx.newhouse.fang.com//house/s,http://xx.esf.fang.com/
河南,南阳,http://nanyang.fang.com/,http://nanyang.newhouse.fang.com//house/s,http://nanyang.esf.fang.com/
河南,信阳,http://xinyang.fang.com/,http://xinyang.newhouse.fang.com//house/s,http://xinyang.esf.fang.com/
河南,开封,http://kaifeng.fang.com/,http://kaifeng.newhouse.fang.com//house/s,http://kaifeng.esf.fang.com/
河南,漯河,http://luohe.fang.com/,http://luohe.newhouse.fang.com//house/s,http://luohe.esf.fang.com/
河南,安阳,http://anyang.fang.com/,http://anyang.newhouse.fang.com//house/s,http://anyang.esf.fang.com/
河南,商丘,http://shangqiu.fang.com/,http://shangqiu.newhouse.fang.com//house/s,http://shangqiu.esf.fang.com/
河南,周口,http://zhoukou.fang.com/,http://zhoukou.newhouse.fang.com//house/s,http://zhoukou.esf.fang.com/
河南,许昌,http://xuchang.fang.com/,http://xuchang.newhouse.fang.com//house/s,http://xuchang.esf.fang.com/
河南,濮阳,http://puyang.fang.com/,http://puyang.newhouse.fang.com//house/s,http://puyang.esf.fang.com/
河南,三门峡,http://sanmenxia.fang.com/,http://sanmenxia.newhouse.fang.com//house/s,http://sanmenxia.esf.fang.com/
河南,鹤壁,http://hebi.fang.com/,http://hebi.newhouse.fang.com//house/s,http://hebi.esf.fang.com/
河南,汝州,http://ruzhou.fang.com/,http://ruzhou.newhouse.fang.com//house/s,http://ruzhou.esf.fang.com/
河南,济源,http://jiyuan.fang.com/,http://jiyuan.newhouse.fang.com//house/s,http://jiyuan.esf.fang.com/
河南,鄢陵,http://yanling.fang.com/,http://yanling.newhouse.fang.com//house/s,http://yanling.esf.fang.com/
河南,禹州,http://hnyz.fang.com/,http://hnyz.newhouse.fang.com//house/s,http://hnyz.esf.fang.com/
河南,长葛,http://changge.fang.com/,http://changge.newhouse.fang.com//house/s,http://changge.esf.fang.com/
河南,巩义,http://gongyi.fang.com/,http://gongyi.newhouse.fang.com//house/s,http://gongyi.esf.fang.com/
河南,新郑,http://xinzheng.fang.com/,http://xinzheng.newhouse.fang.com//house/s,http://xinzheng.esf.fang.com/
河南,荥阳,http://xingyang.fang.com/,http://xingyang.newhouse.fang.com//house/s,http://xingyang.esf.fang.com/
河南,伊川,http://yichuan.fang.com/,http://yichuan.newhouse.fang.com//house/s,http://yichuan.esf.fang.com/
河南,偃师,http://yanshi.fang.com/,http://yanshi.newhouse.fang.com//house/s,http://yanshi.esf.fang.com/
河南,中牟,http://zhongmou.fang.com/,http://zhongmou.newhouse.fang.com//house/s,http://zhongmou.esf.fang.com/
河南,登封,http://dengfeng.fang.com/,http://dengfeng.newhouse.fang.com//house/s,http://dengfeng.esf.fang.com/
河南,新安,http://hnxa.fang.com/,http://hnxa.newhouse.fang.com//house/s,http://hnxa.esf.fang.com/
河南,宜阳,http://hnyy.fang.com/,http://hnyy.newhouse.fang.com//house/s,http://hnyy.esf.fang.com/
河南,新密,http://xinmi.fang.com/,http://xinmi.newhouse.fang.com//house/s,http://xinmi.esf.fang.com/
河南,嵩县,http://songxian.fang.com/,http://songxian.newhouse.fang.com//house/s,http://songxian.esf.fang.com/
河南,洛宁,http://luoning.fang.com/,http://luoning.newhouse.fang.com//house/s,http://luoning.esf.fang.com/
河南,孟津,http://mengjin.fang.com/,http://mengjin.newhouse.fang.com//house/s,http://mengjin.esf.fang.com/
河南,汝阳,http://ruyang.fang.com/,http://ruyang.newhouse.fang.com//house/s,http://ruyang.esf.fang.com/
河南,邓州,http://dengzhou.fang.com/,http://dengzhou.newhouse.fang.com//house/s,http://dengzhou.esf.fang.com/
河南,兰考,http://lankao.fang.com/,http://lankao.newhouse.fang.com//house/s,http://lankao.esf.fang.com/
河南,栾川,http://luanchuan.fang.com/,http://luanchuan.newhouse.fang.com//house/s,http://luanchuan.esf.fang.com/
河南,永城,http://yongcheng.fang.com/,http://yongcheng.newhouse.fang.com//house/s,http://yongcheng.esf.fang.com/
河南,舞钢,http://wg.fang.com/,http://wg.newhouse.fang.com//house/s,http://wg.esf.fang.com/
河南,夏邑,http://xiayi.fang.com/,http://xiayi.newhouse.fang.com//house/s,http://xiayi.esf.fang.com/
河南,临颍,http://linying.fang.com/,http://linying.newhouse.fang.com//house/s,http://linying.esf.fang.com/
黑龙江,哈尔滨,http://hrb.fang.com/,http://hrb.newhouse.fang.com//house/s,http://hrb.esf.fang.com/
黑龙江,大庆,http://daqing.fang.com/,http://daqing.newhouse.fang.com//house/s,http://daqing.esf.fang.com/
黑龙江,齐齐哈尔,http://qiqihaer.fang.com/,http://qiqihaer.newhouse.fang.com//house/s,http://qiqihaer.esf.fang.com/
黑龙江,佳木斯,http://jiamusi.fang.com/,http://jiamusi.newhouse.fang.com//house/s,http://jiamusi.esf.fang.com/
黑龙江,鸡西,http://jixi.fang.com/,http://jixi.newhouse.fang.com//house/s,http://jixi.esf.fang.com/
黑龙江,双鸭山,http://shuangyashan.fang.com/,http://shuangyashan.newhouse.fang.com//house/s,http://shuangyashan.esf.fang.com/
黑龙江,鹤岗,http://hegang.fang.com/,http://hegang.newhouse.fang.com//house/s,http://hegang.esf.fang.com/
黑龙江,牡丹江,http://mudanjiang.fang.com/,http://mudanjiang.newhouse.fang.com//house/s,http://mudanjiang.esf.fang.com/
黑龙江,绥化,http://suihua.fang.com/,http://suihua.newhouse.fang.com//house/s,http://suihua.esf.fang.com/
黑龙江,七台河,http://qitaihe.fang.com/,http://qitaihe.newhouse.fang.com//house/s,http://qitaihe.esf.fang.com/
黑龙江,伊春,http://hljyichun.fang.com/,http://hljyichun.newhouse.fang.com//house/s,http://hljyichun.esf.fang.com/
黑龙江,黑河,http://heihe.fang.com/,http://heihe.newhouse.fang.com//house/s,http://heihe.esf.fang.com/
黑龙江,大兴安岭,http://dxal.fang.com/,http://dxal.newhouse.fang.com//house/s,http://dxal.esf.fang.com/
黑龙江,肇东,http://zhaodong.fang.com/,http://zhaodong.newhouse.fang.com//house/s,http://zhaodong.esf.fang.com/
黑龙江,宾县,http://binxian.fang.com/,http://binxian.newhouse.fang.com//house/s,http://binxian.esf.fang.com/
黑龙江,安达,http://anda.fang.com/,http://anda.newhouse.fang.com//house/s,http://anda.esf.fang.com/
黑龙江,五常,http://wuchang.fang.com/,http://wuchang.newhouse.fang.com//house/s,http://wuchang.esf.fang.com/
黑龙江,尚志,http://shangzhi.fang.com/,http://shangzhi.newhouse.fang.com//house/s,http://shangzhi.esf.fang.com/
黑龙江,巴彦,http://bayan.fang.com/,http://bayan.newhouse.fang.com//house/s,http://bayan.esf.fang.com/
黑龙江,依兰,http://yilan.fang.com/,http://yilan.newhouse.fang.com//house/s,http://yilan.esf.fang.com/
黑龙江,肇州,http://zhaozhou.fang.com/,http://zhaozhou.newhouse.fang.com//house/s,http://zhaozhou.esf.fang.com/
黑龙江,肇源,http://zhaoyuan.fang.com/,http://zhaoyuan.newhouse.fang.com//house/s,http://zhaoyuan.esf.fang.com/
黑龙江,海林,http://hailin.fang.com/,http://hailin.newhouse.fang.com//house/s,http://hailin.esf.fang.com/
湖北,武汉,http://wuhan.fang.com/,http://wuhan.newhouse.fang.com//house/s,http://wuhan.esf.fang.com/
湖北,宜昌,http://yc.fang.com/,http://yc.newhouse.fang.com//house/s,http://yc.esf.fang.com/
湖北,襄阳,http://xiangyang.fang.com/,http://xiangyang.newhouse.fang.com//house/s,http://xiangyang.esf.fang.com/
湖北,荆州,http://jingzhou.fang.com/,http://jingzhou.newhouse.fang.com//house/s,http://jingzhou.esf.fang.com/
湖北,十堰,http://shiyan.fang.com/,http://shiyan.newhouse.fang.com//house/s,http://shiyan.esf.fang.com/
湖北,黄冈,http://huanggang.fang.com/,http://huanggang.newhouse.fang.com//house/s,http://huanggang.esf.fang.com/
湖北,荆门,http://jingmen.fang.com/,http://jingmen.newhouse.fang.com//house/s,http://jingmen.esf.fang.com/
湖北,随州,http://suizhou.fang.com/,http://suizhou.newhouse.fang.com//house/s,http://suizhou.esf.fang.com/
湖北,恩施,http://enshi.fang.com/,http://enshi.newhouse.fang.com//house/s,http://enshi.esf.fang.com/
湖北,孝感,http://xiaogan.fang.com/,http://xiaogan.newhouse.fang.com//house/s,http://xiaogan.esf.fang.com/
湖北,黄石,http://huangshi.fang.com/,http://huangshi.newhouse.fang.com//house/s,http://huangshi.esf.fang.com/
湖北,鄂州,http://ezhou.fang.com/,http://ezhou.newhouse.fang.com//house/s,http://ezhou.esf.fang.com/
湖北,咸宁,http://xianning.fang.com/,http://xianning.newhouse.fang.com//house/s,http://xianning.esf.fang.com/
湖北,仙桃,http://xiantao.fang.com/,http://xiantao.newhouse.fang.com//house/s,http://xiantao.esf.fang.com/
湖北,神农架,http://shennongjia.fang.com/,http://shennongjia.newhouse.fang.com//house/s,http://shennongjia.esf.fang.com/
湖北,天门,http://tianmen.fang.com/,http://tianmen.newhouse.fang.com//house/s,http://tianmen.esf.fang.com/
湖北,潜江,http://qj.fang.com/,http://qj.newhouse.fang.com//house/s,http://qj.esf.fang.com/
湖北,当阳,http://dangyang.fang.com/,http://dangyang.newhouse.fang.com//house/s,http://dangyang.esf.fang.com/
湖北,宜都,http://yidu.fang.com/,http://yidu.newhouse.fang.com//house/s,http://yidu.esf.fang.com/
湖北,枝江,http://zhijiang.fang.com/,http://zhijiang.newhouse.fang.com//house/s,http://zhijiang.esf.fang.com/
湖北,汉南,http://whhn.fang.com/,http://whhn.newhouse.fang.com//house/s,http://whhn.esf.fang.com/
湖北,京山,http://hbjs.fang.com/,https://newhouse.fang.com/house/s,https://esf.fang.com/
湖北,钟祥,http://zhongxiang.fang.com/,http://zhongxiang.newhouse.fang.com//house/s,http://zhongxiang.esf.fang.com/
湖北,老河口,http://lhk.fang.com/,http://lhk.newhouse.fang.com//house/s,http://lhk.esf.fang.com/
湖北,枣阳,http://hbzy.fang.com/,http://hbzy.newhouse.fang.com//house/s,http://hbzy.esf.fang.com/
湖北,宜城,http://hbyc.fang.com/,http://hbyc.newhouse.fang.com//house/s,http://hbyc.esf.fang.com/
湖北,大冶,http://daye.fang.com/,http://daye.newhouse.fang.com//house/s,http://daye.esf.fang.com/
湖北,安陆,http://anlu.fang.com/,http://anlu.newhouse.fang.com//house/s,http://anlu.esf.fang.com/
湖北,洪湖,http://honghu.fang.com/,http://honghu.newhouse.fang.com//house/s,http://honghu.esf.fang.com/
湖南,长沙,http://cs.fang.com/,http://cs.newhouse.fang.com//house/s,http://cs.esf.fang.com/
湖南,株洲,http://zhuzhou.fang.com/,http://zhuzhou.newhouse.fang.com//house/s,http://zhuzhou.esf.fang.com/
湖南,衡阳,http://hengyang.fang.com/,http://hengyang.newhouse.fang.com//house/s,http://hengyang.esf.fang.com/
湖南,岳阳,http://yueyang.fang.com/,http://yueyang.newhouse.fang.com//house/s,http://yueyang.esf.fang.com/
湖南,湘潭,http://xt.fang.com/,http://xt.newhouse.fang.com//house/s,http://xt.esf.fang.com/
湖南,常德,http://changde.fang.com/,http://changde.newhouse.fang.com//house/s,http://changde.esf.fang.com/
湖南,益阳,http://yiyang.fang.com/,http://yiyang.newhouse.fang.com//house/s,http://yiyang.esf.fang.com/
湖南,永州,http://yongzhou.fang.com/,http://yongzhou.newhouse.fang.com//house/s,http://yongzhou.esf.fang.com/
湖南,娄底,http://loudi.fang.com/,http://loudi.newhouse.fang.com//house/s,http://loudi.esf.fang.com/
湖南,邵阳,http://shaoyang.fang.com/,http://shaoyang.newhouse.fang.com//house/s,http://shaoyang.esf.fang.com/
湖南,怀化,http://huaihua.fang.com/,http://huaihua.newhouse.fang.com//house/s,http://huaihua.esf.fang.com/
湖南,郴州,http://chenzhou.fang.com/,http://chenzhou.newhouse.fang.com//house/s,http://chenzhou.esf.fang.com/
湖南,湘西,http://xiangxi.fang.com/,http://xiangxi.newhouse.fang.com//house/s,http://xiangxi.esf.fang.com/
湖南,张家界,http://zhangjiajie.fang.com/,http://zhangjiajie.newhouse.fang.com//house/s,http://zhangjiajie.esf.fang.com/
湖南,浏阳,http://liuyang.fang.com/,http://liuyang.newhouse.fang.com//house/s,http://liuyang.esf.fang.com/
湖南,宁乡,http://ningxiang.fang.com/,http://ningxiang.newhouse.fang.com//house/s,http://ningxiang.esf.fang.com/
湖南,醴陵,http://liling.fang.com/,http://liling.newhouse.fang.com//house/s,http://liling.esf.fang.com/
湖南,攸县,http://youxian.fang.com,http://youxian.newhouse.fang.com/house/s,http://youxian.esf.fang.com
湖南,湘乡,http://xiangxiang.fang.com,http://xiangxiang.newhouse.fang.com/house/s,http://xiangxiang.esf.fang.com
湖南,望城,http://cswc.fang.com/,http://cswc.newhouse.fang.com//house/s,http://cswc.esf.fang.com/
湖南,耒阳,http://leiyang.fang.com/,http://leiyang.newhouse.fang.com//house/s,http://leiyang.esf.fang.com/
湖南,常宁,http://cn.fang.com/,http://cn.newhouse.fang.com//house/s,http://cn.esf.fang.com/
河北,石家庄,http://sjz.fang.com/,http://sjz.newhouse.fang.com//house/s,http://sjz.esf.fang.com/
河北,唐山,http://ts.fang.com/,http://ts.newhouse.fang.com//house/s,http://ts.esf.fang.com/
河北,保定,http://bd.fang.com/,http://bd.newhouse.fang.com//house/s,http://bd.esf.fang.com/
河北,沧州,http://cangzhou.fang.com/,http://cangzhou.newhouse.fang.com//house/s,http://cangzhou.esf.fang.com/
河北,廊坊,http://lf.fang.com/,http://lf.newhouse.fang.com//house/s,http://lf.esf.fang.com/
河北,邢台,http://xingtai.fang.com/,http://xingtai.newhouse.fang.com//house/s,http://xingtai.esf.fang.com/
河北,邯郸,http://hd.fang.com/,http://hd.newhouse.fang.com//house/s,http://hd.esf.fang.com/
河北,秦皇岛,http://qhd.fang.com/,http://qhd.newhouse.fang.com//house/s,http://qhd.esf.fang.com/
河北,衡水,http://hs.fang.com/,http://hs.newhouse.fang.com//house/s,http://hs.esf.fang.com/
河北,张家口,http://zhangjiakou.fang.com/,http://zhangjiakou.newhouse.fang.com//house/s,http://zhangjiakou.esf.fang.com/
河北,承德,http://chengde.fang.com/,http://chengde.newhouse.fang.com//house/s,http://chengde.esf.fang.com/
河北,固安,http://guan.fang.com/,http://guan.newhouse.fang.com//house/s,http://guan.esf.fang.com/
河北,涿州,http://zhuozhou.fang.com/,http://zhuozhou.newhouse.fang.com//house/s,http://zhuozhou.esf.fang.com/
河北,遵化,http://zunhua.fang.com/,http://zunhua.newhouse.fang.com//house/s,http://zunhua.esf.fang.com/
河北,迁安,http://qianan.fang.com/,http://qianan.newhouse.fang.com//house/s,http://qianan.esf.fang.com/
河北,定州,http://dingzhou.fang.com/,http://dingzhou.newhouse.fang.com//house/s,http://dingzhou.esf.fang.com/
河北,辛集,http://xinji.fang.com/,http://xinji.newhouse.fang.com//house/s,http://xinji.esf.fang.com/
河北,滦县,http://luanxian.fang.com/,http://luanxian.newhouse.fang.com//house/s,http://luanxian.esf.fang.com/
河北,玉田,http://yutian.fang.com/,http://yutian.newhouse.fang.com//house/s,http://yutian.esf.fang.com/
河北,晋州,http://hbjz.fang.com/,https://newhouse.fang.com/house/s,https://esf.fang.com/
河北,滦南,http://luannan.fang.com/,http://luannan.newhouse.fang.com//house/s,http://luannan.esf.fang.com/
河北,高碑店,http://gaobeidian.fang.com/,http://gaobeidian.newhouse.fang.com//house/s,http://gaobeidian.esf.fang.com/
河北,赵县,http://hbzx.fang.com/,http://hbzx.newhouse.fang.com//house/s,http://hbzx.esf.fang.com/
河北,无极,http://hbwj.fang.com/,http://hbwj.newhouse.fang.com//house/s,http://hbwj.esf.fang.com/
河北,青龙,http://hbql.fang.com/,http://hbql.newhouse.fang.com//house/s,http://hbql.esf.fang.com/
河北,乐亭,http://hblt.fang.com/,http://hblt.newhouse.fang.com//house/s,http://hblt.esf.fang.com/
河北,迁西,http://qianxi.fang.com/,http://qianxi.newhouse.fang.com//house/s,http://qianxi.esf.fang.com/
河北,文安,http://wenan.fang.com/,http://wenan.newhouse.fang.com//house/s,http://wenan.esf.fang.com/
河北,新乐,http://xinle.fang.com/,http://xinle.newhouse.fang.com//house/s,http://xinle.esf.fang.com/
河北,元氏,http://hbys.fang.com/,http://hbys.newhouse.fang.com//house/s,http://hbys.esf.fang.com/
河北,霸州,http://hbbz.fang.com/,http://hbbz.newhouse.fang.com//house/s,http://hbbz.esf.fang.com/
河北,昌黎,http://changli.fang.com/,http://changli.newhouse.fang.com//house/s,http://changli.esf.fang.com/
河北,平山,http://hbps.fang.com/,http://hbps.newhouse.fang.com//house/s,http://hbps.esf.fang.com/
河北,武安,http://wuan.fang.com/,http://wuan.newhouse.fang.com//house/s,http://wuan.esf.fang.com/
河北,任丘,http://renqiu.fang.com/,http://renqiu.newhouse.fang.com//house/s,http://renqiu.esf.fang.com/
河北,深州,http://hbsz.fang.com,http://hbsz.newhouse.fang.com/house/s,http://hbsz.esf.fang.com
河北,冀州,http://jz.fang.com/,http://jz.newhouse.fang.com//house/s,http://jz.esf.fang.com/
河北,三河,http://hbsh.fang.com,http://hbsh.newhouse.fang.com/house/s,http://hbsh.esf.fang.com
河北,蔚县,http://yuxian.fang.com/,http://yuxian.newhouse.fang.com//house/s,http://yuxian.esf.fang.com/
河北,永清,http://yongqing.fang.com/,http://yongqing.newhouse.fang.com//house/s,http://yongqing.esf.fang.com/
河北,高阳,http://gaoyang.fang.com/,http://gaoyang.newhouse.fang.com//house/s,http://gaoyang.esf.fang.com/
河北,定兴,http://dingxing.fang.com/,http://dingxing.newhouse.fang.com//house/s,http://dingxing.esf.fang.com/
河北,涞水,http://laishui.fang.com,http://laishui.newhouse.fang.com/house/s,http://laishui.esf.fang.com
河北,雄安新区,https://xiongan.fang.com/,https://xiongan.newhouse.fang.com//house/s,https://xiongan.esf.fang.com/
江苏,南京,http://nanjing.fang.com/,http://nanjing.newhouse.fang.com//house/s,http://nanjing.esf.fang.com/
江苏,苏州,http://suzhou.fang.com/,http://suzhou.newhouse.fang.com//house/s,http://suzhou.esf.fang.com/
江苏,无锡,http://wuxi.fang.com/,http://wuxi.newhouse.fang.com//house/s,http://wuxi.esf.fang.com/
江苏,徐州,http://xz.fang.com/,http://xz.newhouse.fang.com//house/s,http://xz.esf.fang.com/
江苏,常州,http://cz.fang.com/,http://cz.newhouse.fang.com//house/s,http://cz.esf.fang.com/
江苏,淮安,http://huaian.fang.com/,http://huaian.newhouse.fang.com//house/s,http://huaian.esf.fang.com/
江苏,扬州,http://yz.fang.com/,http://yz.newhouse.fang.com//house/s,http://yz.esf.fang.com/
江苏,南通,http://nt.fang.com/,http://nt.newhouse.fang.com//house/s,http://nt.esf.fang.com/
江苏,盐城,http://yancheng.fang.com/,http://yancheng.newhouse.fang.com//house/s,http://yancheng.esf.fang.com/
江苏,连云港,http://lyg.fang.com/,http://lyg.newhouse.fang.com//house/s,http://lyg.esf.fang.com/
江苏,宿迁,http://sq.fang.com/,http://sq.newhouse.fang.com//house/s,http://sq.esf.fang.com/
江苏,泰州,http://taizhou.fang.com/,http://taizhou.newhouse.fang.com//house/s,http://taizhou.esf.fang.com/
江苏,镇江,http://zhenjiang.fang.com/,http://zhenjiang.newhouse.fang.com//house/s,http://zhenjiang.esf.fang.com/
江苏,常熟,http://changshu.fang.com/,http://changshu.newhouse.fang.com//house/s,http://changshu.esf.fang.com/
江苏,张家港,http://zjg.fang.com/,http://zjg.newhouse.fang.com//house/s,http://zjg.esf.fang.com/
江苏,昆山,http://ks.fang.com/,http://ks.newhouse.fang.com//house/s,http://ks.esf.fang.com/
江苏,吴江,http://wj.esf.fang.com/,http://wj.newhouse.esf.fang.com//house/s,http://wj.esf.esf.fang.com/
江苏,邳州,http://pizhou.fang.com/,http://pizhou.newhouse.fang.com//house/s,http://pizhou.esf.fang.com/
江苏,启东,http://qidong.fang.com/,http://qidong.newhouse.fang.com//house/s,http://qidong.esf.fang.com/
江苏,溧阳,http://liyang.fang.com/,http://liyang.newhouse.fang.com//house/s,http://liyang.esf.fang.com/
江苏,东台,http://dongtai.fang.com/,http://dongtai.newhouse.fang.com//house/s,http://dongtai.esf.fang.com/
江苏,泰兴,http://taixing.fang.com/,http://taixing.newhouse.fang.com//house/s,http://taixing.esf.fang.com/
江苏,兴化,http://xinghua.fang.com/,http://xinghua.newhouse.fang.com//house/s,http://xinghua.esf.fang.com/
江苏,海门,http://haimen.fang.com/,http://haimen.newhouse.fang.com//house/s,http://haimen.esf.fang.com/
江苏,如皋,http://rugao.fang.com/,http://rugao.newhouse.fang.com//house/s,http://rugao.esf.fang.com/
江苏,江都,http://jiangdu.fang.com/,http://jiangdu.newhouse.fang.com//house/s,http://jiangdu.esf.fang.com/
江苏,新沂,http://xinyi.fang.com/,http://xinyi.newhouse.fang.com//house/s,http://xinyi.esf.fang.com/
江苏,高邮,http://gaoyou.fang.com/,http://gaoyou.newhouse.fang.com//house/s,http://gaoyou.esf.fang.com/
江苏,靖江,http://jingjiang.fang.com/,http://jingjiang.newhouse.fang.com//house/s,http://jingjiang.esf.fang.com/
江苏,太仓,http://tc.fang.com/,http://tc.newhouse.fang.com//house/s,http://tc.esf.fang.com/
江苏,江阴,http://jy.fang.com/,http://jy.newhouse.fang.com//house/s,http://jy.esf.fang.com/
江苏,宜兴,http://yixing.fang.com/,http://yixing.newhouse.fang.com//house/s,http://yixing.esf.fang.com/
江苏,沭阳,http://shuyang.fang.com/,http://shuyang.newhouse.fang.com//house/s,http://shuyang.esf.fang.com/
江苏,海安,http://haian.fang.com/,http://haian.newhouse.fang.com//house/s,http://haian.esf.fang.com/
江苏,如东,http://rudong.fang.com/,http://rudong.newhouse.fang.com//house/s,http://rudong.esf.fang.com/
江苏,仪征,http://yizheng.fang.com/,http://yizheng.newhouse.fang.com//house/s,http://yizheng.esf.fang.com/
江苏,金坛,http://jintan.fang.com/,http://jintan.newhouse.fang.com//house/s,http://jintan.esf.fang.com/
江苏,睢宁,http://jssn.fang.com/,http://jssn.newhouse.fang.com//house/s,http://jssn.esf.fang.com/
江苏,丰县,http://jsfx.fang.com/,http://jsfx.newhouse.fang.com//house/s,http://jsfx.esf.fang.com/
江苏,沛县,http://peixian.fang.com/,http://peixian.newhouse.fang.com//house/s,http://peixian.esf.fang.com/
江苏,句容,http://jr.fang.com/,http://jr.newhouse.fang.com//house/s,http://jr.esf.fang.com/
江苏,宝应,http://baoying.fang.com/,http://baoying.newhouse.fang.com//house/s,http://baoying.esf.fang.com/
江苏,高淳,http://njgc.fang.com/,http://njgc.newhouse.fang.com//house/s,http://njgc.esf.fang.com/
江苏,泉山,http://quanshan.fang.com/,http://quanshan.newhouse.fang.com//house/s,http://quanshan.esf.fang.com/
江苏,铜山,http://tongshan.fang.com/,http://tongshan.newhouse.fang.com//house/s,http://tongshan.esf.fang.com/
江苏,阜宁,http://funing.fang.com/,http://funing.newhouse.fang.com//house/s,http://funing.esf.fang.com/
江苏,姜堰,http://jiangyan.fang.com/,http://jiangyan.newhouse.fang.com//house/s,http://jiangyan.esf.fang.com/
江苏,玉山,http://ksys.fang.com/,http://ksys.newhouse.fang.com//house/s,http://ksys.esf.fang.com/
江苏,金湖,http://jinhu.fang.com/,http://jinhu.newhouse.fang.com//house/s,http://jinhu.esf.fang.com/
江苏,东海,http://donghai.fang.com/,http://donghai.newhouse.fang.com//house/s,http://donghai.esf.fang.com/
江苏,盱眙,http://xuyi.fang.com/,http://xuyi.newhouse.fang.com//house/s,http://xuyi.esf.fang.com/
江苏,泗洪,http://sihong.fang.com/,http://sihong.newhouse.fang.com//house/s,http://sihong.esf.fang.com/
江苏,泗阳,http://siyang.fang.com/,http://siyang.newhouse.fang.com//house/s,http://siyang.esf.fang.com/
江西,南昌,http://nc.fang.com/,http://nc.newhouse.fang.com//house/s,http://nc.esf.fang.com/
江西,赣州,http://ganzhou.fang.com/,http://ganzhou.newhouse.fang.com//house/s,http://ganzhou.esf.fang.com/
江西,九江,http://jiujiang.fang.com/,http://jiujiang.newhouse.fang.com//house/s,http://jiujiang.esf.fang.com/
江西,吉安,http://jian.fang.com/,http://jian.newhouse.fang.com//house/s,http://jian.esf.fang.com/
江西,上饶,http://shangrao.fang.com/,http://shangrao.newhouse.fang.com//house/s,http://shangrao.esf.fang.com/
江西,萍乡,http://pingxiang.fang.com/,http://pingxiang.newhouse.fang.com//house/s,http://pingxiang.esf.fang.com/
江西,鹰潭,http://yingtan.fang.com/,http://yingtan.newhouse.fang.com//house/s,http://yingtan.esf.fang.com/
江西,宜春,http://yichun.fang.com/,http://yichun.newhouse.fang.com//house/s,http://yichun.esf.fang.com/
江西,景德镇,http://jingdezhen.fang.com/,http://jingdezhen.newhouse.fang.com//house/s,http://jingdezhen.esf.fang.com/
江西,抚州,http://jxfuzhou.fang.com/,http://jxfuzhou.newhouse.fang.com//house/s,http://jxfuzhou.esf.fang.com/
江西,新余,http://xinyu.fang.com/,http://xinyu.newhouse.fang.com//house/s,http://xinyu.esf.fang.com/
江西,瑞金,http://ruijin.fang.com/,http://ruijin.newhouse.fang.com//house/s,http://ruijin.esf.fang.com/
江西,进贤,http://jinxian.fang.com/,http://jinxian.newhouse.fang.com//house/s,http://jinxian.esf.fang.com/
江西,新建,http://xinjian.fang.com/,http://xinjian.newhouse.fang.com//house/s,http://xinjian.esf.fang.com/
江西,丰城,http://jxfc.fang.com/,http://jxfc.newhouse.fang.com//house/s,http://jxfc.esf.fang.com/
江西,靖安,http://jxja.fang.com/,http://jxja.newhouse.fang.com//house/s,http://jxja.esf.fang.com/
吉林,长春,http://changchun.fang.com/,http://changchun.newhouse.fang.com//house/s,http://changchun.esf.fang.com/
吉林,吉林,http://jl.fang.com/,http://jl.newhouse.fang.com//house/s,http://jl.esf.fang.com/
吉林,四平,http://siping.fang.com/,http://siping.newhouse.fang.com//house/s,http://siping.esf.fang.com/
吉林,白山,http://baishan.fang.com/,http://baishan.newhouse.fang.com//house/s,http://baishan.esf.fang.com/
吉林,白城,http://baicheng.fang.com/,http://baicheng.newhouse.fang.com//house/s,http://baicheng.esf.fang.com/
吉林,延边,http://yanbian.fang.com/,http://yanbian.newhouse.fang.com//house/s,http://yanbian.esf.fang.com/
吉林,通化,http://tonghua.fang.com/,http://tonghua.newhouse.fang.com//house/s,http://tonghua.esf.fang.com/
吉林,松原,http://songyuan.fang.com/,http://songyuan.newhouse.fang.com//house/s,http://songyuan.esf.fang.com/
吉林,辽源,http://liaoyuan.fang.com/,http://liaoyuan.newhouse.fang.com//house/s,http://liaoyuan.esf.fang.com/
吉林,农安,http://nongan.fang.com/,http://nongan.newhouse.fang.com//house/s,http://nongan.esf.fang.com/
吉林,德惠,http://dehui.fang.com/,http://dehui.newhouse.fang.com//house/s,http://dehui.esf.fang.com/
吉林,榆树,http://jlys.fang.com/,http://jlys.newhouse.fang.com//house/s,http://jlys.esf.fang.com/
吉林,桦甸,http://huadian.fang.com/,http://huadian.newhouse.fang.com//house/s,http://huadian.esf.fang.com/
吉林,公主岭,http://gongzhuling.fang.com/,http://gongzhuling.newhouse.fang.com//house/s,http://gongzhuling.esf.fang.com/
辽宁,沈阳,http://sy.fang.com/,http://sy.newhouse.fang.com//house/s,http://sy.esf.fang.com/
辽宁,大连,http://dl.fang.com/,http://dl.newhouse.fang.com//house/s,http://dl.esf.fang.com/
辽宁,抚顺,http://fushun.fang.com/,http://fushun.newhouse.fang.com//house/s,http://fushun.esf.fang.com/
辽宁,锦州,http://jinzhou.fang.com/,http://jinzhou.newhouse.fang.com//house/s,http://jinzhou.esf.fang.com/
辽宁,鞍山,http://anshan.fang.com/,http://anshan.newhouse.fang.com//house/s,http://anshan.esf.fang.com/
辽宁,葫芦岛,http://huludao.fang.com/,http://huludao.newhouse.fang.com//house/s,http://huludao.esf.fang.com/
辽宁,阜新,http://fuxin.fang.com/,http://fuxin.newhouse.fang.com//house/s,http://fuxin.esf.fang.com/
辽宁,营口,http://yk.fang.com/,http://yk.newhouse.fang.com//house/s,http://yk.esf.fang.com/
辽宁,本溪,http://benxi.fang.com/,http://benxi.newhouse.fang.com//house/s,http://benxi.esf.fang.com/
辽宁,朝阳,http://chaoyang.fang.com/,http://chaoyang.newhouse.fang.com//house/s,http://chaoyang.esf.fang.com/
辽宁,铁岭,http://tieling.fang.com/,http://tieling.newhouse.fang.com//house/s,http://tieling.esf.fang.com/
辽宁,辽阳,http://liaoyang.fang.com/,http://liaoyang.newhouse.fang.com//house/s,http://liaoyang.esf.fang.com/
辽宁,盘锦,http://panjin.fang.com/,http://panjin.newhouse.fang.com//house/s,http://panjin.esf.fang.com/
辽宁,丹东,http://dandong.fang.com/,http://dandong.newhouse.fang.com//house/s,http://dandong.esf.fang.com/
辽宁,普兰店,http://pulandian.fang.com/,http://pulandian.newhouse.fang.com//house/s,http://pulandian.esf.fang.com/
辽宁,瓦房店,http://wafangdian.fang.com/,http://wafangdian.newhouse.fang.com//house/s,http://wafangdian.esf.fang.com/
辽宁,东港,http://donggang.fang.com/,http://donggang.newhouse.fang.com//house/s,http://donggang.esf.fang.com/
辽宁,凤城,http://fengcheng.fang.com/,http://fengcheng.newhouse.fang.com//house/s,http://fengcheng.esf.fang.com/
辽宁,庄河,http://lnzh.fang.com/,http://lnzh.newhouse.fang.com//house/s,http://lnzh.esf.fang.com/
辽宁,新民,http://xinmin.fang.com/,http://xinmin.newhouse.fang.com//house/s,http://xinmin.esf.fang.com/
辽宁,辽中,http://liaozhong.fang.com/,http://liaozhong.newhouse.fang.com//house/s,http://liaozhong.esf.fang.com/
辽宁,法库,http://faku.fang.com/,http://faku.newhouse.fang.com//house/s,http://faku.esf.fang.com/
辽宁,康平,http://kangping.fang.com/,http://kangping.newhouse.fang.com//house/s,http://kangping.esf.fang.com/
辽宁,台安,http://lnta.fang.com/,http://lnta.newhouse.fang.com//house/s,http://lnta.esf.fang.com/
辽宁,海城,http://haicheng.fang.com/,http://haicheng.newhouse.fang.com//house/s,http://haicheng.esf.fang.com/
宁夏,银川,http://yinchuan.fang.com/,http://yinchuan.newhouse.fang.com//house/s,http://yinchuan.esf.fang.com/
宁夏,石嘴山,http://shizuishan.fang.com/,http://shizuishan.newhouse.fang.com//house/s,http://shizuishan.esf.fang.com/
宁夏,固原,http://guyuan.fang.com/,http://guyuan.newhouse.fang.com//house/s,http://guyuan.esf.fang.com/
宁夏,吴忠,http://wuzhong.fang.com/,http://wuzhong.newhouse.fang.com//house/s,http://wuzhong.esf.fang.com/
宁夏,中卫,http://zhongwei.fang.com/,http://zhongwei.newhouse.fang.com//house/s,http://zhongwei.esf.fang.com/
内蒙古,呼和浩特,http://nm.fang.com/,http://nm.newhouse.fang.com//house/s,http://nm.esf.fang.com/
内蒙古,包头,http://bt.fang.com/,http://bt.newhouse.fang.com//house/s,http://bt.esf.fang.com/
内蒙古,赤峰,http://chifeng.fang.com/,http://chifeng.newhouse.fang.com//house/s,http://chifeng.esf.fang.com/
内蒙古,鄂尔多斯,http://erds.fang.com/,http://erds.newhouse.fang.com//house/s,http://erds.esf.fang.com/
内蒙古,通辽,http://tl.fang.com/,http://tl.newhouse.fang.com//house/s,http://tl.esf.fang.com/
内蒙古,乌兰察布,http://wlcb.fang.com/,http://wlcb.newhouse.fang.com//house/s,http://wlcb.esf.fang.com/
内蒙古,巴彦淖尔,http://byne.fang.com/,http://byne.newhouse.fang.com//house/s,http://byne.esf.fang.com/
内蒙古,阿拉善盟,http://alsm.fang.com/,http://alsm.newhouse.fang.com//house/s,http://alsm.esf.fang.com/
内蒙古,海拉尔,http://hailaer.fang.com/,http://hailaer.newhouse.fang.com//house/s,http://hailaer.esf.fang.com/
内蒙古,呼伦贝尔,http://hlbe.fang.com/,http://hlbe.newhouse.fang.com//house/s,http://hlbe.esf.fang.com/
内蒙古,乌海,http://wuhai.fang.com/,http://wuhai.newhouse.fang.com//house/s,http://wuhai.esf.fang.com/
内蒙古,锡林郭勒盟,http://xlglm.fang.com/,http://xlglm.newhouse.fang.com//house/s,http://xlglm.esf.fang.com/
内蒙古,兴安盟,http://xam.fang.com/,http://xam.newhouse.fang.com//house/s,http://xam.esf.fang.com/
内蒙古,锡林浩特,http://xilinhaote.fang.com/,http://xilinhaote.newhouse.fang.com//house/s,http://xilinhaote.esf.fang.com/
青海,西宁,http://xn.fang.com/,http://xn.newhouse.fang.com//house/s,http://xn.esf.fang.com/
青海,果洛,http://guoluo.fang.com/,http://guoluo.newhouse.fang.com//house/s,http://guoluo.esf.fang.com/
青海,黄南,http://huangnan.fang.com/,http://huangnan.newhouse.fang.com//house/s,http://huangnan.esf.fang.com/
青海,海西,http://haixi.fang.com/,http://haixi.newhouse.fang.com//house/s,http://haixi.esf.fang.com/
青海,海东,http://haidong.fang.com/,http://haidong.newhouse.fang.com//house/s,http://haidong.esf.fang.com/
青海,海北,http://haibei.fang.com/,http://haibei.newhouse.fang.com//house/s,http://haibei.esf.fang.com/
青海,玉树,http://yushu.fang.com/,http://yushu.newhouse.fang.com//house/s,http://yushu.esf.fang.com/
山东,济南,http://jn.fang.com/,http://jn.newhouse.fang.com//house/s,http://jn.esf.fang.com/
山东,青岛,http://qd.fang.com/,http://qd.newhouse.fang.com//house/s,http://qd.esf.fang.com/
山东,淄博,http://zb.fang.com/,http://zb.newhouse.fang.com//house/s,http://zb.esf.fang.com/
山东,潍坊,http://wf.fang.com/,http://wf.newhouse.fang.com//house/s,http://wf.esf.fang.com/
山东,烟台,http://yt.fang.com/,http://yt.newhouse.fang.com//house/s,http://yt.esf.fang.com/
山东,威海,http://weihai.fang.com/,http://weihai.newhouse.fang.com//house/s,http://weihai.esf.fang.com/
山东,临沂,http://linyi.fang.com/,http://linyi.newhouse.fang.com//house/s,http://linyi.esf.fang.com/
山东,济宁,http://jining.fang.com/,http://jining.newhouse.fang.com//house/s,http://jining.esf.fang.com/
山东,滨州,http://binzhou.fang.com/,http://binzhou.newhouse.fang.com//house/s,http://binzhou.esf.fang.com/
山东,德州,http://dz.fang.com/,http://dz.newhouse.fang.com//house/s,http://dz.esf.fang.com/
山东,东营,http://dy.fang.com/,http://dy.newhouse.fang.com//house/s,http://dy.esf.fang.com/
山东,枣庄,http://zaozhuang.fang.com/,http://zaozhuang.newhouse.fang.com//house/s,http://zaozhuang.esf.fang.com/
山东,聊城,http://lc.fang.com/,http://lc.newhouse.fang.com//house/s,http://lc.esf.fang.com/
山东,泰安,http://taian.fang.com/,http://taian.newhouse.fang.com//house/s,http://taian.esf.fang.com/
山东,日照,http://rz.fang.com/,http://rz.newhouse.fang.com//house/s,http://rz.esf.fang.com/
山东,菏泽,http://heze.fang.com/,http://heze.newhouse.fang.com//house/s,http://heze.esf.fang.com/
山东,章丘,http://zhangqiu.fang.com/,http://zhangqiu.newhouse.fang.com//house/s,http://zhangqiu.esf.fang.com/
山东,诸城,http://zhucheng.fang.com/,http://zhucheng.newhouse.fang.com//house/s,http://zhucheng.esf.fang.com/
山东,招远,http://zy.fang.com/,http://zy.newhouse.fang.com//house/s,http://zy.esf.fang.com/
山东,高密,http://gaomi.fang.com/,http://gaomi.newhouse.fang.com//house/s,http://gaomi.esf.fang.com/
山东,寿光,http://sg.fang.com/,http://sg.newhouse.fang.com//house/s,http://sg.esf.fang.com/
山东,邹城,http://zoucheng.fang.com/,http://zoucheng.newhouse.fang.com//house/s,http://zoucheng.esf.fang.com/
山东,滕州,http://tengzhou.fang.com/,http://tengzhou.newhouse.fang.com//house/s,http://tengzhou.esf.fang.com/
山东,新泰,http://xintai.fang.com/,http://xintai.newhouse.fang.com//house/s,http://xintai.esf.fang.com/
山东,肥城,http://feicheng.fang.com/,http://feicheng.newhouse.fang.com//house/s,http://feicheng.esf.fang.com/
山东,莱州,http://laizhou.fang.com/,http://laizhou.newhouse.fang.com//house/s,http://laizhou.esf.fang.com/
山东,邹平,http://zouping.fang.com/,http://zouping.newhouse.fang.com//house/s,http://zouping.esf.fang.com/
山东,龙口,http://longkou.fang.com/,http://longkou.newhouse.fang.com//house/s,http://longkou.esf.fang.com/
山东,昌邑,http://changyi.fang.com/,http://changyi.newhouse.fang.com//house/s,http://changyi.esf.fang.com/
山东,广饶,http://guangrao.fang.com/,http://guangrao.newhouse.fang.com//house/s,http://guangrao.esf.fang.com/
山东,安丘,http://anqiu.fang.com/,http://anqiu.newhouse.fang.com//house/s,http://anqiu.esf.fang.com/
山东,青州,http://qingzhou.fang.com/,http://qingzhou.newhouse.fang.com//house/s,http://qingzhou.esf.fang.com/
山东,临朐,http://linqu.fang.com/,http://linqu.newhouse.fang.com//house/s,http://linqu.esf.fang.com/
山东,济阳,http://sdjy.fang.com/,http://sdjy.newhouse.fang.com//house/s,http://sdjy.esf.fang.com/
山东,商河,http://sdsh.fang.com/,http://sdsh.newhouse.fang.com//house/s,http://sdsh.esf.fang.com/
山东,昌乐,http://sdcl.fang.com/,http://sdcl.newhouse.fang.com//house/s,http://sdcl.esf.fang.com/
山东,莱阳,http://laiyang.fang.com/,http://laiyang.newhouse.fang.com//house/s,http://laiyang.esf.fang.com/
山东,平阴,http://sdpy.fang.com/,http://sdpy.newhouse.fang.com//house/s,http://sdpy.esf.fang.com/
山东,临清,http://linqing.fang.com/,http://linqing.newhouse.fang.com//house/s,http://linqing.esf.fang.com/
山东,栖霞,http://qixia.fang.com/,http://qixia.newhouse.fang.com//house/s,http://qixia.esf.fang.com/
山东,海阳,http://haiyang.fang.com/,http://haiyang.newhouse.fang.com//house/s,http://haiyang.esf.fang.com/
山东,长清,http://jncq.fang.com/,http://jncq.newhouse.fang.com//house/s,http://jncq.esf.fang.com/
山东,齐河,http://qihe.fang.com/,http://qihe.newhouse.fang.com//house/s,http://qihe.esf.fang.com/
山东,庆云,http://qingyun.fang.com/,http://qingyun.newhouse.fang.com//house/s,http://qingyun.esf.fang.com/
山东,蓬莱,http://penglai.fang.com/,http://penglai.newhouse.fang.com//house/s,http://penglai.esf.fang.com/
山东,平度,http://pingdu.fang.com/,http://pingdu.newhouse.fang.com//house/s,http://pingdu.esf.fang.com/
山西,太原,http://taiyuan.fang.com/,http://taiyuan.newhouse.fang.com//house/s,http://taiyuan.esf.fang.com/
山西,长治,http://changzhi.fang.com/,http://changzhi.newhouse.fang.com//house/s,http://changzhi.esf.fang.com/
山西,运城,http://yuncheng.fang.com/,http://yuncheng.newhouse.fang.com//house/s,http://yuncheng.esf.fang.com/
山西,临汾,http://linfen.fang.com/,http://linfen.newhouse.fang.com//house/s,http://linfen.esf.fang.com/
山西,晋中,http://jinzhong.fang.com/,http://jinzhong.newhouse.fang.com//house/s,http://jinzhong.esf.fang.com/
山西,大同,http://datong.fang.com/,http://datong.newhouse.fang.com//house/s,http://datong.esf.fang.com/
山西,忻州,http://xinzhou.fang.com/,http://xinzhou.newhouse.fang.com//house/s,http://xinzhou.esf.fang.com/
山西,吕梁,http://lvliang.fang.com/,http://lvliang.newhouse.fang.com//house/s,http://lvliang.esf.fang.com/
山西,朔州,http://shuozhou.fang.com/,http://shuozhou.newhouse.fang.com//house/s,http://shuozhou.esf.fang.com/
山西,阳泉,http://yangquan.fang.com/,http://yangquan.newhouse.fang.com//house/s,http://yangquan.esf.fang.com/
山西,晋城,http://jc.fang.com/,http://jc.newhouse.fang.com//house/s,http://jc.esf.fang.com/
山西,临猗,http://sxly.fang.com/,http://sxly.newhouse.fang.com//house/s,http://sxly.esf.fang.com/
山西,清徐,http://qingxu.fang.com/,http://qingxu.newhouse.fang.com//house/s,http://qingxu.esf.fang.com/
山西,阳曲,http://yangqu.fang.com/,http://yangqu.newhouse.fang.com//house/s,http://yangqu.esf.fang.com/
山西,怀仁,http://huairen.fang.com/,http://huairen.newhouse.fang.com//house/s,http://huairen.esf.fang.com/
陕西,西安,http://xian.fang.com/,http://xian.newhouse.fang.com//house/s,http://xian.esf.fang.com/
陕西,宝鸡,http://baoji.fang.com/,http://baoji.newhouse.fang.com//house/s,http://baoji.esf.fang.com/
陕西,咸阳,http://xianyang.fang.com/,http://xianyang.newhouse.fang.com//house/s,http://xianyang.esf.fang.com/
陕西,渭南,http://weinan.fang.com/,http://weinan.newhouse.fang.com//house/s,http://weinan.esf.fang.com/
陕西,汉中,http://hanzhong.fang.com/,http://hanzhong.newhouse.fang.com//house/s,http://hanzhong.esf.fang.com/
陕西,安康,http://ankang.fang.com/,http://ankang.newhouse.fang.com//house/s,http://ankang.esf.fang.com/
陕西,榆林,http://sxyulin.fang.com/,http://sxyulin.newhouse.fang.com//house/s,http://sxyulin.esf.fang.com/
陕西,延安,http://yanan.fang.com/,http://yanan.newhouse.fang.com//house/s,http://yanan.esf.fang.com/
陕西,铜川,http://tongchuan.fang.com/,http://tongchuan.newhouse.fang.com//house/s,http://tongchuan.esf.fang.com/
陕西,商洛,http://shangluo.fang.com/,http://shangluo.newhouse.fang.com//house/s,http://shangluo.esf.fang.com/
陕西,蓝田,http://lantian.fang.com/,http://lantian.newhouse.fang.com//house/s,http://lantian.esf.fang.com/
陕西,户县,http://huxian.fang.com/,http://huxian.newhouse.fang.com//house/s,http://huxian.esf.fang.com/
陕西,周至,http://zhouzhi.fang.com/,http://zhouzhi.newhouse.fang.com//house/s,http://zhouzhi.esf.fang.com/
陕西,高陵,http://gaoling.fang.com/,http://gaoling.newhouse.fang.com//house/s,http://gaoling.esf.fang.com/
四川,成都,http://cd.fang.com/,http://cd.newhouse.fang.com//house/s,http://cd.esf.fang.com/
四川,绵阳,http://mianyang.fang.com/,http://mianyang.newhouse.fang.com//house/s,http://mianyang.esf.fang.com/
四川,泸州,http://luzhou.fang.com/,http://luzhou.newhouse.fang.com//house/s,http://luzhou.esf.fang.com/
四川,南充,http://nanchong.fang.com/,http://nanchong.newhouse.fang.com//house/s,http://nanchong.esf.fang.com/
四川,德阳,http://deyang.fang.com/,http://deyang.newhouse.fang.com//house/s,http://deyang.esf.fang.com/
四川,乐山,http://leshan.fang.com/,http://leshan.newhouse.fang.com//house/s,http://leshan.esf.fang.com/
四川,达州,http://dazhou.fang.com/,http://dazhou.newhouse.fang.com//house/s,http://dazhou.esf.fang.com/
四川,广安,http://guangan.fang.com/,http://guangan.newhouse.fang.com//house/s,http://guangan.esf.fang.com/
四川,攀枝花,http://panzhihua.fang.com/,http://panzhihua.newhouse.fang.com//house/s,http://panzhihua.esf.fang.com/
四川,遂宁,http://suining.fang.com/,http://suining.newhouse.fang.com//house/s,http://suining.esf.fang.com/
四川,自贡,http://zigong.fang.com/,http://zigong.newhouse.fang.com//house/s,http://zigong.esf.fang.com/
四川,内江,http://neijiang.fang.com/,http://neijiang.newhouse.fang.com//house/s,http://neijiang.esf.fang.com/
四川,广元,http://guangyuan.fang.com/,http://guangyuan.newhouse.fang.com//house/s,http://guangyuan.esf.fang.com/
四川,巴中,http://bazhong.fang.com/,http://bazhong.newhouse.fang.com//house/s,http://bazhong.esf.fang.com/
四川,宜宾,http://yibin.fang.com/,http://yibin.newhouse.fang.com//house/s,http://yibin.esf.fang.com/
四川,眉山,http://meishan.fang.com/,http://meishan.newhouse.fang.com//house/s,http://meishan.esf.fang.com/
四川,资阳,http://ziyang.fang.com/,http://ziyang.newhouse.fang.com//house/s,http://ziyang.esf.fang.com/
四川,雅安,http://yaan.fang.com/,http://yaan.newhouse.fang.com//house/s,http://yaan.esf.fang.com/
四川,凉山,http://liangshan.fang.com/,http://liangshan.newhouse.fang.com//house/s,http://liangshan.esf.fang.com/
四川,阿坝州,http://abazhou.fang.com/,http://abazhou.newhouse.fang.com//house/s,http://abazhou.esf.fang.com/
四川,甘孜,http://ganzi.fang.com/,http://ganzi.newhouse.fang.com//house/s,http://ganzi.esf.fang.com/
四川,彭州,http://pengzhou.fang.com/,http://pengzhou.newhouse.fang.com//house/s,http://pengzhou.esf.fang.com/
四川,金堂,http://scjt.fang.com/,http://scjt.newhouse.fang.com//house/s,http://scjt.esf.fang.com/
四川,邛崃,http://qionglai.fang.com/,http://qionglai.newhouse.fang.com//house/s,http://qionglai.esf.fang.com/
四川,简阳,http://jianyang.fang.com/,http://jianyang.newhouse.fang.com//house/s,http://jianyang.esf.fang.com/
四川,崇州,http://chongzhou.fang.com/,http://chongzhou.newhouse.fang.com//house/s,http://chongzhou.esf.fang.com/
四川,大邑,http://dayi.fang.com/,http://dayi.newhouse.fang.com//house/s,http://dayi.esf.fang.com/
四川,都江堰,http://dujiangyan.fang.com/,http://dujiangyan.newhouse.fang.com//house/s,http://dujiangyan.esf.fang.com/
四川,新津,http://xinjin.fang.com/,http://xinjin.newhouse.fang.com//house/s,http://xinjin.esf.fang.com/
四川,峨眉山,http://emeishan.fang.com,http://emeishan.newhouse.fang.com/house/s,http://emeishan.esf.fang.com
天津,蓟州,http://jizhou.fang.com/,http://jizhou.newhouse.fang.com//house/s,http://jizhou.esf.fang.com/
新疆,乌鲁木齐,http://xj.fang.com/,http://xj.newhouse.fang.com//house/s,http://xj.esf.fang.com/
新疆,克拉玛依,http://kelamayi.fang.com/,http://kelamayi.newhouse.fang.com//house/s,http://kelamayi.esf.fang.com/
新疆,喀什,http://kashi.fang.com/,http://kashi.newhouse.fang.com//house/s,http://kashi.esf.fang.com/
新疆,巴州,http://bazhou.fang.com/,http://bazhou.newhouse.fang.com//house/s,http://bazhou.esf.fang.com/
新疆,伊犁,http://yili.fang.com/,http://yili.newhouse.fang.com//house/s,http://yili.esf.fang.com/
新疆,阿克苏,http://akesu.fang.com/,http://akesu.newhouse.fang.com//house/s,http://akesu.esf.fang.com/
新疆,博尔塔拉,http://betl.fang.com/,http://betl.newhouse.fang.com//house/s,http://betl.esf.fang.com/
新疆,昌吉,http://esf.changji.fang.com/,http://esf.newhouse.changji.fang.com//house/s,http://esf.esf.changji.fang.com/
新疆,哈密,http://hami.fang.com/,http://hami.newhouse.fang.com//house/s,http://hami.esf.fang.com/
新疆,和田,http://hetian.fang.com/,http://hetian.newhouse.fang.com//house/s,http://hetian.esf.fang.com/
新疆,克孜勒苏,http://kzls.fang.com/,http://kzls.newhouse.fang.com//house/s,http://kzls.esf.fang.com/
新疆,石河子,http://shihezi.fang.com/,http://shihezi.newhouse.fang.com//house/s,http://shihezi.esf.fang.com/
新疆,吐鲁番,http://tulufan.fang.com/,http://tulufan.newhouse.fang.com//house/s,http://tulufan.esf.fang.com/
新疆,五家渠,http://wujiaqu.fang.com/,http://wujiaqu.newhouse.fang.com//house/s,http://wujiaqu.esf.fang.com/
新疆,奎屯,http://kuitun.fang.com/,http://kuitun.newhouse.fang.com//house/s,http://kuitun.esf.fang.com/
新疆,库尔勒,http://kuerle.fang.com/,http://kuerle.newhouse.fang.com//house/s,http://kuerle.esf.fang.com/
西藏,昌都,http://changdu.fang.com/,http://changdu.newhouse.fang.com//house/s,http://changdu.esf.fang.com/
西藏,拉萨,http://lasa.fang.com/,http://lasa.newhouse.fang.com//house/s,http://lasa.esf.fang.com/
西藏,林芝,http://linzhi.fang.com/,http://linzhi.newhouse.fang.com//house/s,http://linzhi.esf.fang.com/
西藏,那曲,http://naqu.fang.com/,http://naqu.newhouse.fang.com//house/s,http://naqu.esf.fang.com/
西藏,日喀则,http://rikaze.fang.com/,http://rikaze.newhouse.fang.com//house/s,http://rikaze.esf.fang.com/
香港,香港,https://hk.esf.fang.com/,https://hk.newhouse.esf.fang.com//house/s,https://hk.esf.esf.fang.com/
云南,昆明,http://km.fang.com/,http://km.newhouse.fang.com//house/s,http://km.esf.fang.com/
云南,红河,http://honghe.fang.com/,http://honghe.newhouse.fang.com//house/s,http://honghe.esf.fang.com/
云南,文山,http://wenshan.fang.com/,http://wenshan.newhouse.fang.com//house/s,http://wenshan.esf.fang.com/
云南,曲靖,http://qujing.fang.com/,http://qujing.newhouse.fang.com//house/s,http://qujing.esf.fang.com/
云南,玉溪,http://yuxi.fang.com/,http://yuxi.newhouse.fang.com//house/s,http://yuxi.esf.fang.com/
云南,丽江,http://lijiang.fang.com/,http://lijiang.newhouse.fang.com//house/s,http://lijiang.esf.fang.com/
云南,大理,http://dali.fang.com/,http://dali.newhouse.fang.com//house/s,http://dali.esf.fang.com/
云南,楚雄,http://chuxiong.fang.com/,http://chuxiong.newhouse.fang.com//house/s,http://chuxiong.esf.fang.com/
云南,保山,http://baoshan.fang.com/,http://baoshan.newhouse.fang.com//house/s,http://baoshan.esf.fang.com/
云南,昭通,http://zhaotong.fang.com/,http://zhaotong.newhouse.fang.com//house/s,http://zhaotong.esf.fang.com/
云南,德宏,http://dehong.fang.com/,http://dehong.newhouse.fang.com//house/s,http://dehong.esf.fang.com/
云南,临沧,http://lincang.fang.com/,http://lincang.newhouse.fang.com//house/s,http://lincang.esf.fang.com/
云南,西双版纳,http://xishuangbanna.fang.com/,http://xishuangbanna.newhouse.fang.com//house/s,http://xishuangbanna.esf.fang.com/
云南,普洱,http://puer.fang.com/,http://puer.newhouse.fang.com//house/s,http://puer.esf.fang.com/
云南,迪庆,http://diqing.fang.com/,http://diqing.newhouse.fang.com//house/s,http://diqing.esf.fang.com/
云南,怒江,http://nujiang.fang.com/,http://nujiang.newhouse.fang.com//house/s,http://nujiang.esf.fang.com/
云南,安宁,http://anning.fang.com/,http://anning.newhouse.fang.com//house/s,http://anning.esf.fang.com/
云南,宜良,http://ynyl.fang.com,http://ynyl.newhouse.fang.com/house/s,http://ynyl.esf.fang.com
云南,弥勒,http://mile.fang.com,http://mile.newhouse.fang.com/house/s,http://mile.esf.fang.com
浙江,杭州,http://hz.fang.com/,http://hz.newhouse.fang.com//house/s,http://hz.esf.fang.com/
浙江,宁波,http://nb.fang.com/,http://nb.newhouse.fang.com//house/s,http://nb.esf.fang.com/
浙江,嘉兴,http://jx.fang.com/,http://jx.newhouse.fang.com//house/s,http://jx.esf.fang.com/
浙江,温州,http://wz.fang.com/,http://wz.newhouse.fang.com//house/s,http://wz.esf.fang.com/
浙江,金华,http://jh.fang.com/,http://jh.newhouse.fang.com//house/s,http://jh.esf.fang.com/
浙江,台州,http://tz.fang.com/,http://tz.newhouse.fang.com//house/s,http://tz.esf.fang.com/
浙江,绍兴,http://sx.fang.com/,http://sx.newhouse.fang.com//house/s,http://sx.esf.fang.com/
浙江,湖州,http://huzhou.fang.com/,http://huzhou.newhouse.fang.com//house/s,http://huzhou.esf.fang.com/
浙江,衢州,http://quzhou.fang.com/,http://quzhou.newhouse.fang.com//house/s,http://quzhou.esf.fang.com/
浙江,丽水,http://ls.fang.com/,http://ls.newhouse.fang.com//house/s,http://ls.esf.fang.com/
浙江,舟山,http://zhoushan.fang.com/,http://zhoushan.newhouse.fang.com//house/s,http://zhoushan.esf.fang.com/
浙江,长兴,http://changxing.fang.com/,http://changxing.newhouse.fang.com//house/s,http://changxing.esf.fang.com/
浙江,德清,http://deqing.fang.com/,http://deqing.newhouse.fang.com//house/s,http://deqing.esf.fang.com/
浙江,慈溪,http://cixi.fang.com/,http://cixi.newhouse.fang.com//house/s,http://cixi.esf.fang.com/
浙江,海宁,http://haining.fang.com/,http://haining.newhouse.fang.com//house/s,http://haining.esf.fang.com/
浙江,温岭,http://wenling.fang.com/,http://wenling.newhouse.fang.com//house/s,http://wenling.esf.fang.com/
浙江,诸暨,http://zhuji.fang.com/,http://zhuji.newhouse.fang.com//house/s,http://zhuji.esf.fang.com/
浙江,临海,http://linhai.fang.com/,http://linhai.newhouse.fang.com//house/s,http://linhai.esf.fang.com/
浙江,余姚,http://yuyao.fang.com/,http://yuyao.newhouse.fang.com//house/s,http://yuyao.esf.fang.com/
浙江,桐乡,http://tongxiang.fang.com/,http://tongxiang.newhouse.fang.com//house/s,http://tongxiang.esf.fang.com/
浙江,上虞,http://shangyu.fang.com/,http://shangyu.newhouse.fang.com//house/s,http://shangyu.esf.fang.com/
浙江,平湖,http://pinghu.fang.com/,http://pinghu.newhouse.fang.com//house/s,http://pinghu.esf.fang.com/
浙江,宁海,http://ninghai.fang.com/,http://ninghai.newhouse.fang.com//house/s,http://ninghai.esf.fang.com/
浙江,奉化,http://fenghua.fang.com/,http://fenghua.newhouse.fang.com//house/s,http://fenghua.esf.fang.com/
浙江,建德,http://jiande.fang.com/,http://jiande.newhouse.fang.com//house/s,http://jiande.esf.fang.com/
浙江,桐庐,http://zjtl.fang.com/,http://zjtl.newhouse.fang.com//house/s,http://zjtl.esf.fang.com/
浙江,象山,http://zjxs.fang.com/,http://zjxs.newhouse.fang.com//house/s,http://zjxs.esf.fang.com/
浙江,玉环,http://yuhuan.fang.com/,http://yuhuan.newhouse.fang.com//house/s,http://yuhuan.esf.fang.com/
浙江,淳安,http://chunan.fang.com/,http://chunan.newhouse.fang.com//house/s,http://chunan.esf.fang.com/
浙江,镇海,http://zhenhai.fang.com/,http://zhenhai.newhouse.fang.com//house/s,http://zhenhai.esf.fang.com/
浙江,海盐,http://haiyan.fang.com/,http://haiyan.newhouse.fang.com//house/s,http://haiyan.esf.fang.com/
浙江,安吉,http://aj.fang.com/,http://aj.newhouse.fang.com//house/s,http://aj.esf.fang.com/
